path,comment,name,source,url
answer/BGM/type,,SFX Click (New),,
console/BGM/addse10,,BSFX Noise,,,
console/BGM/addse12,,BSFX Muted Noise,,,
console/BGM/addse15,,BSFX Bike Riding Loop,,,
console/BGM/addse21,,BSFX Heartbeat,,,
console/BGM/anahori,,BSFX Digging,,,
console/BGM/dsse108,,BSFX Motor,,,
console/BGM/kami,,BSFX Page Turn,,,
console/BGM/taip,,BSFX Typing Sounds,,,
console/BGM/vse_stungun,,BSFX Stungun,,,
console/BGM/vse_swim,,BSFX Big Splash Swimming,,,
rei/ExtraBGM/addse15,,BSFX Bike Riding Loop,,,
rei/ExtraBGM/down,,BSFX Punch,,,
